Country,Economic Risk,Social Risk,Infrastructure Risk,Demographic Risk,Transport Constraint,Total Vulnerability,PC1,PC2
AFGHANISTAN,0.5598712991661504,0.7304929292291834,0.6773112779954151,0.6189570372426128,0.7583188298788694,0.6689902747024462,2.910180556205973,-1.118639895837277
AKROTIRI,0.452421343395401,0.4287565893843179,0.706925873211239,0.37755466156738093,0.6661449608934721,0.5263606856903621,0.05119859115130349,0.13034335866242913
ALBANIA,0.4576745397231061,0.4373614601314018,0.6662762859586072,0.2747191964044805,0.7760468226121104,0.5224156609659412,-0.058534944105289394,1.0238513359882735
ALGERIA,0.3600254467397594,0.499838537205181,0.6699509043863877,0.42572870171218885,0.7082860859698916,0.5327659352026817,0.061125195408983986,0.28604435433980613
AMERICAN SAMOA,0.42587878894392767,0.23366636930568818,0.8126626522971508,0.48344087513587275,0.6108000354218561,0.5132897442208991,-0.26986373203897523,0.8754100218858641
ANDORRA,0.4886873424072367,0.47460783162305403,0.46779621254571363,0.12190769135888117,0.9382848873096041,0.498256793048898,-0.7918362490477551,1.9697671916902983
ANGOLA,0.5311917598686616,0.5721698586926504,0.8529083213049153,0.7477990548655921,0.763179879463439,0.6934497748390517,3.438050699816192,0.042192153396221774
ANGUILLA,0.4179861046203695,0.32791958756556444,0.6649711405973306,0.3811084900205832,0.4992857527056249,0.4582542151018945,-1.4006916659393478,-0.7528444621396221
ANTARCTICA,0.452421343395401,0.4287565893843179,0.706925873211239,0.37755466156738093,0.708827600309549,0.5348972135735776,0.19876912621909812,0.5060341491278291
ANTIGUA AND BARBUDA,0.4981454378621015,0.4223686714830084,0.6643609816738262,0.36797605556711915,0.611180146139591,0.5128062585451293,-0.23576079459764557,-0.48850035761482363
ARCTIC OCEAN,0.452421343395401,0.4287565893843179,0.706925873211239,0.37755466156738093,0.6661449608934721,0.5263606856903621,0.05119859115130349,0.13034335866242913
ARGENTINA,0.48949510181428674,0.46335354116171495,0.6662681887378227,0.3458490406037759,0.5901861448211503,0.5110304034277501,-0.20727110206163454,-0.86411990845653
ARMENIA,0.4811963978889402,0.4626116257607571,0.6661795857316253,0.2628259981344002,0.6842707115299199,0.5114168638091285,-0.18423203528484736,0.021274272140485488
ARUBA,0.4397335951803043,0.3733013962191712,0.32919310470834223,0.27774115960128587,0.3250664580557604,0.34900714275297284,-3.931085943058333,-2.9851045701901007
ASHMORE AND CARTIER ISLANDS,0.452421343395401,0.4287565893843179,0.706925873211239,0.3152672002783151,0.7114300367447443,0.5229602086028035,0.012394633801261374,0.5527832286515079
ATLANTIC OCEAN,0.452421343395401,0.4287565893843179,0.706925873211239,0.37755466156738093,0.6661449608934721,0.5263606856903621,0.05119859115130349,0.13034335866242913
AUSTRALIA,0.38697597858102634,0.3187394837665543,0.6662587436833157,0.3135575907552595,0.5563389619259683,0.44837415174242484,-1.5934736175318356,-0.0924267294489162
AUSTRIA,0.35906112400700585,0.3417715932784186,0.6650729025765091,0.15849310421918478,0.62816067209737,0.43051187923569767,-1.853471631508577,0.5440271294082032
AZERBAIJAN,0.3816731402231815,0.45255564796941955,0.666125007615901,0.3300839519877887,0.6927849110017561,0.5046445317596093,-0.44540737763789473,0.3837546929682324
"BAHAMAS, THE",0.39241369197284587,0.47880267928303955,0.6660534383852458,0.3409229322293917,0.581599583423889,0.4919584650588824,-0.6200340971929099,-0.7706066405585769
BAHRAIN,0.4124879948652686,0.3753221678904042,0.6622541631509979,0.3436037682030883,0.5831099327013357,0.475355605362219,-1.0390465781811462,-0.24923652577998287
BANGLADESH,0.4580960117035459,0.4468602510690584,0.6715699634066691,0.4098749585636424,0.7913280149437313,0.5555458399373294,0.49655601818356804,1.0603972067372607
BARBADOS,0.5902139692297893,0.4669919748050127,0.6634158675058265,0.21459215060477804,0.6737782478249031,0.521798441994062,0.12925802539471917,-0.3631356002443133
BELARUS,0.33981545152806497,0.3609496562217583,0.6660073712069453,0.20361055220210147,0.5948914633047946,0.43305489889273296,-1.8160619666805928,0.18016852464632835
BELGIUM,0.3969941152384107,0.37182449193555556,0.6634003939246687,0.21298673265647516,0.6311530846699436,0.4552717636850107,-1.3634875466459722,0.28446911187944723
BELIZE,0.6013957799925789,0.4183310710892501,0.6770854807225742,0.5139091252495818,0.5154472646680863,0.5452337443444142,0.4136763450507044,-1.6164915599515115
BENIN,0.5505723745370563,0.500722904860608,0.8779095727723046,0.7319048389956597,0.8225526224776297,0.6967324627286516,3.478054042054347,0.943721194373242
BERMUDA,0.2012050369354451,0.42860612678199933,0.6601589787887647,0.17035932067500784,0.6429779549242192,0.42066148362108724,-2.089454476389287,0.5982688758543149
BHUTAN,0.48584460144609104,0.47106870320092176,0.6661363281053624,0.3990089965077823,0.6512732680444254,0.5346663794609167,0.19076066069010497,-0.37968452599126823
BOLIVIA,0.5242502731300699,0.4475855393414168,0.6735238120117769,0.45363175219901786,0.5349553276299264,0.5267893408624416,0.06289135265867168,-1.3861003043051396
BOSNIA AND HERZEGOVINA,0.4162385304425907,0.4606933100195405,0.6660804904170318,0.16701164843466934,0.6254361455113238,0.46709202496503116,-0.9933749947773026,-0.2809259749761978
BOTSWANA,0.3949027524322953,0.5426084100035306,0.7630940931626705,0.47296229484184804,0.5912015764105252,0.5529538253701739,0.7039887026476952,-0.9668390780278946
BOUVET ISLAND,0.452421343395401,0.4287565893843179,0.706925873211239,0.37755466156738093,0.7114300367447443,0.5354177008606166,0.2077667641926538,0.5289406847790937
BRAZIL,0.4375643080775773,0.48407240041899025,0.6698256926751537,0.3234772620396709,0.6086141828515449,0.5047107692125874,-0.3289107031162914,-0.6673063041697956
BRITISH INDIAN OCEAN TERRITORY,0.452421343395401,0.4287565893843179,0.706925873211239,0.37755466156738093,0.7114300367447443,0.5354177008606166,0.2077667641926538,0.5289406847790937
BRITISH VIRGIN ISLANDS,0.41819219978538785,0.3443228393004641,0.6654451010931609,0.3704603097512277,0.6028489608230749,0.48025388215066317,-0.9927828588435467,0.07312928307213484
BRUNEI,0.2721483330849838,0.42525325538933084,0.6658968026371189,0.41115466746841195,0.5108979255004539,0.45707019681605987,-1.4517030803247573,-0.8148667278834288
BULGARIA,0.40135063320760384,0.3912401585671365,0.6698263790585871,0.19573186243900173,0.6477916244749222,0.4611881315494502,-1.209260936302845,0.3282973117318218
BURKINA FASO,0.5883792417548173,0.49413857791874616,0.9604496973221419,0.6543109230093203,0.7797112082459172,0.6953979296501885,3.699169647326042,0.6408116508579871
BURMA,0.46626620592021545,0.43090570993546695,0.7666891860663204,0.38134554453155717,0.6997879364022669,0.5489989165711654,0.5950276591830344,0.4545005130132765
BURUNDI,0.6601199690552441,0.3952674909521577,0.988868192599072,0.7451933825173263,0.7531075611222309,0.7085113192492062,3.9013741504595596,0.7632365259582585
CABO VERDE,0.6191085645636232,0.5239128791790487,0.684076283565107,0.4453309897700378,0.577911139919515,0.5700679713994663,1.0474439363675987,-1.6550000083087943
CAMBODIA,0.42740778336778473,0.3910889973197107,0.7307519100248832,0.43852000894254417,0.7181800139059842,0.5411897427121815,0.2622694502124491,0.8667868876963397
CAMEROON,0.5227833208458373,0.48896963594188314,0.79183464366839,0.6680485210111242,0.7435682056455983,0.6430408654225666,2.328379486820127,0.2982212144098371
CANADA,0.3257470491631295,0.34374352661850865,0.6662433527091094,0.2246081855115366,0.581419228179067,0.4283522684362703,-1.9428817178435314,0.18450283545370694
CAYMAN ISLANDS,0.452421343395401,0.30506817617766774,0.706925873211239,0.3235601347548895,0.7114300367447443,0.4998811128567883,-0.5618043446646293,1.226278684880058
CENTRAL AFRICAN REPUBLIC,0.6508303423018821,0.603868088264465,0.9712561210501832,0.5744582437151646,0.6240562352281416,0.6848938061119674,3.78882434720218,-1.4471483754762966
CHAD,0.5687915542837509,0.5269210405897061,0.9855764878988472,0.7226442948881026,0.6483805552645613,0.6904627865849936,3.67336742703329,-0.6373623952703249
CHILE,0.3258668824898483,0.4168231344151163,0.6662353102092399,0.29436966627350303,0.6383273142326881,0.4683244615240792,-1.1721879023116997,0.258579366025497
CHINA,0.4033050162789653,0.3762904163739513,0.6659961587150879,0.22344411295358355,0.7240402363912242,0.47861518814256243,-0.9443115536782061,1.060593505093216
CHRISTMAS ISLAND,0.452421343395401,0.4287565893843179,0.71133403447944,0.3770825367415389,0.31715716992939924,0.45735033478601944,-1.1316247790379204,-2.935558922286904
CLIPPERTON ISLAND,0.452421343395401,0.4287565893843179,0.706925873211239,0.37755466156738093,0.7114300367447443,0.5354177008606166,0.2077667641926538,0.5289406847790937
COCOS (KEELING) ISLANDS,0.452421343395401,0.4287565893843179,0.7081006610182187,0.37755466156738093,0.4315682225962395,0.4796802955923116,-0.7530969852303707,-1.9328740415720356
COLOMBIA,0.5521472180595551,0.4445643789968781,0.6698086522218029,0.34028307777700684,0.6347707554188774,0.528314816494824,0.14335263408020796,-0.5248254003660024
COMOROS,0.5383381596146027,0.56774461664628,0.7128730133449812,0.5297281774940833,0.6225301797631843,0.5942428293726263,1.4768328160197313,-1.287512800133732
"CONGO, DEMOCRATIC REPUBLIC OF THE",0.6096175823189968,0.5399407159286699,0.953283000512268,0.7215149132341945,0.7402530541540105,0.712921853229628,4.051314859388677,-0.04717976879629683
"CONGO, REPUBLIC OF THE",0.6577890405496788,0.6393080893515392,0.8492906300040209,0.6244343455368224,0.6685462402787167,0.6878736691441556,3.6045464909348324,-1.4441353599291904
COOK ISLANDS,0.4721052432636488,0.260265366852669,0.7108342679862806,0.3913423067138463,0.49504161590892204,0.46591776014507336,-1.2028750881416481,-0.5052510867663078
CORAL SEA ISLANDS,0.452421343395401,0.4287565893843179,0.706925873211239,0.37755466156738093,0.7114300367447443,0.5354177008606166,0.2077667641926538,0.5289406847790937
COSTA RICA,0.5391303816773069,0.5010132703205954,0.7702586906629002,0.601280094359259,0.7739734091610817,0.6371311692362287,2.233276781739458,0.4552193738679607
CROATIA,0.45088248025158384,0.43365476434108063,0.6660024142030919,0.17840182859609763,0.5489851008003761,0.455585317638446,-1.196121331049188,-0.9003122975096916
CUBA,0.46797677171679686,0.33471280549154253,0.6659870450368411,0.1786600831039879,0.6496458489412184,0.45939651085807737,-1.2497857321034236,0.4824955066876288
CURACAO,0.4248418332541491,0.5020855589507703,0.6654627126522072,0.25376974490621884,0.6713879166942974,0.5035095532915286,-0.32593889687589345,-0.15924713383481223
CYPRUS,0.452421343395401,0.33836454928172444,0.706925873211239,0.29376450272516325,0.7114300367447443,0.5005812610716543,-0.49368785548280997,1.0555274024697172
CZECHIA,0.3017543599301196,0.3314304145404216,0.6658019384704117,0.14901477832512317,0.6232852455754488,0.414257347368305,-2.2065993857547634,0.7110133965329043
DENMARK,0.2571678345418867,0.3413629550018938,0.664980547351102,0.1994534255340471,0.6122102514340194,0.41503500277258987,-2.2458929610577663,0.6545622681848019
DHEKELIA,0.452421343395401,0.4287565893843179,0.706925873211239,0.37755466156738093,0.6661449608934721,0.5263606856903621,0.05119859115130349,0.13034335866242913
DJIBOUTI,0.4463754747962743,0.7659683760446305,0.7917236770083473,0.5266329779442942,0.672715143770888,0.640683129912887,2.6360007396460508,-1.5884924590669962
DOMINICA,0.5259126817691541,0.3899339613974114,0.6648666951432466,0.2540279994141092,0.46379286177357737,0.45970683989949973,-1.1310058103927862,-1.636161724160206
DOMINICAN REPUBLIC,0.6027579365115469,0.5728297066551528,0.8564244714603243,0.4777997486836729,0.7548942046674749,0.6529412135956344,2.9112194502062803,-0.11222617827609592
ECUADOR,0.4627089010436681,0.425738798593241,0.6662484599695911,0.4136581943769899,0.6758211815668863,0.5288351071100753,-0.0029268595720828056,0.13896684923205102
EGYPT,0.5639556361543079,0.4649263531292635,0.6663409138953477,0.5098811258354726,0.8080419094400358,0.6026291876908856,1.4070178949991348,0.7888549394199762
EL SALVADOR,0.4916163447093718,0.3560458498410773,0.6768649190202618,0.3771267451452007,0.6926510587240537,0.5188609834879931,-0.20529657469496052,0.6210327861007218
EQUATORIAL GUINEA,0.5181534023606561,0.5504425666732157,0.7882635670133951,0.6951768079742825,0.6993216721852786,0.6502716032413656,2.5172970683404436,-0.4305164148861924
ERITREA,0.699794018012577,0.43775374417325796,0.838543651369684,0.5167730521057379,0.7267319210321319,0.6439192773386778,2.619384096840954,0.08896458255339543
ESTONIA,0.3405909404336362,0.3720451521384631,0.6652624947350002,0.20199164334666997,0.5228321856727114,0.42054448326529614,-2.0171749658885765,-0.5171502710646554
ESWATINI,0.5835424043914688,0.6057650076025417,0.7307794923505719,0.4467321168389648,0.650666132757283,0.603497030788166,1.806339459380269,-1.3103078732182671
ETHIOPIA,0.4631857557886245,0.43682737798651194,0.8313927958598409,0.6277820177771611,0.8077530221021205,0.6333881939028518,2.1265550122098684,1.369632994637284
EUROPEAN UNION,0.3571467796375483,0.3816500854898839,0.6648609588344967,0.14821881480453597,0.6661449608934721,0.4436043199319874,-1.5707741565391038,0.6688258311431974
FALKLAND ISLANDS (ISLAS MALVINAS),0.23756195616246156,0.4287565893843179,0.7118949923906457,0.2910105492611007,0.45949045059779836,0.42574290755926486,-1.8831056120908076,-1.0913482017789387
FAROE ISLANDS,0.30376102503638003,0.4097166379502412,0.6657759862545675,0.27343370568237,0.46950021865736635,0.42443751471618507,-1.9591729664101287,-1.1237489531599452
FIJI,0.4878894130072177,0.3773116661061829,0.6949981701384399,0.34690325863225324,0.589918217619386,0.4994041451006959,-0.4651883476273699,-0.3548965366996262
FINLAND,0.3183956258861147,0.3754211035569169,0.665203664410686,0.17238681128919112,0.4616552487028054,0.3986124907691428,-2.406408412669871,-1.0052257043113528
FRANCE,0.4134995944419533,0.44231287771726246,0.6649502410561979,0.12145863687874373,0.5932267710678885,0.4470896242324092,-1.3557355595096672,-0.44078962386299914
FRENCH POLYNESIA,0.4349719063274186,0.4819568373587515,0.665885037339302,0.32694057062682613,0.5772669013421494,0.4974042505988896,-0.4710464288170818,-0.9313354524015841
FRENCH SOUTHERN AND ANTARCTIC LANDS,0.452421343395401,0.4287565893843179,0.706925873211239,0.37755466156738093,0.6661449608934721,0.5263606856903621,0.05119859115130349,0.13034335866242913
GABON,0.509814406472334,0.5359064886653121,0.6986186891415453,0.6106562748136328,0.5791197108428169,0.5868231139871283,1.2147797188479028,-1.470775904501917
"GAMBIA, THE",0.6375653607486624,0.49239587002621804,0.7989309713735507,0.5882844962495278,0.5705885323590888,0.6175530461514096,2.0592328858771882,-1.501335088642971
GAZA STRIP,0.5143703601989033,0.49284984515017943,0.6636620905019515,0.6163031830831734,0.7024310622436113,0.5979233082355637,1.270415678770818,-0.20897352141617606
GEORGIA,0.45264541372268363,0.4741603637334128,0.6662255502654038,0.20767902433759644,0.665621221880456,0.4932663147879105,-0.4951830065233128,-0.11077739006163533
GERMANY,0.32760527349395574,0.33515724182477147,0.6645322623486295,0.10298573047480278,0.6266439045178838,0.41138488253200867,-2.2110225944652635,0.6690636958903046
GHANA,0.5052686284856933,0.4516405841827986,0.7163765612154861,0.590080714170078,0.7841773519954005,0.6095087680098914,1.531325608380773,0.8377402276430216
GIBRALTAR,0.27350631463764413,0.3881961746058004,0.6629382310645777,0.25994087128132776,0.667295959940395,0.45037551030594897,-1.5758668462231469,0.8150088195723098
GREECE,0.6433835357026102,0.46781294662841716,0.6657144497684816,0.15177077792425042,0.7333871304754616,0.5324137680998442,0.39717556959931644,0.04604673559207302
GREENLAND,0.29559021067378694,0.3844773146850183,0.6640625491538276,0.26298210720260257,0.582971644985991,0.43801676534024525,-1.7690766693622597,0.0360976368877674
GRENADA,0.5385579677156291,0.4044963864599354,0.6890005847342016,0.2948591934750264,0.5184250368129967,0.4890678338395579,-0.5476851373335793,-1.2522459681919538
GUAM,0.3527113634987757,0.3333295454758155,0.6649251673746229,0.3303691883099362,0.6261781314265309,0.4615026792171363,-1.3918959933380806,0.523261981875985
GUATEMALA,0.5891936199155556,0.41065776003567467,0.6771025587037934,0.5170525066105445,0.7229374775356749,0.5833887845602487,1.0482978764957456,0.2823003514981063
GUERNSEY,0.3651487215245183,0.3738284333344875,0.6638702034019999,0.15391390488525017,0.6374931148023043,0.4388508755897121,-1.659221212390477,0.4351931332489123
GUINEA,0.452421343395401,0.5008234975680677,0.706925873211239,0.6622243036764649,0.7114300367447443,0.6067650109191833,1.4503795064812188,0.025713268142200943
GUINEA-BISSAU,0.5751677516625717,0.4937083091130045,0.7826841835099426,0.6593391768233925,0.5836975913558333,0.618919402492949,1.957075449279587,-1.2793391822435962
GUYANA,0.47942193638900027,0.4565603721365436,0.6949961605637154,0.3655052922901393,0.5569771033853192,0.5106921729529436,-0.1746759768912927,-1.0635370383732046
HAITI,0.452421343395401,0.590317078085458,0.706925873211239,0.5599593730968184,0.7114300367447443,0.6042107409067321,1.5638900436269796,-0.42473957766181036
HEARD ISLAND AND MCDONALD ISLANDS,0.452421343395401,0.4287565893843179,0.706925873211239,0.37755466156738093,0.7114300367447443,0.5354177008606166,0.2077667641926538,0.5289406847790937
HOLY SEE (VATICAN CITY),0.452421343395401,0.4287565893843179,0.6641741184728983,0.29022807664764216,0.7114300367447443,0.5094020329290008,-0.31097223700304516,0.5071571448788017
HONDURAS,0.5643352298867527,0.41242006247192126,0.6878818213298485,0.4725402221759677,0.7132525059185328,0.5700859683566046,0.8324626814270132,0.2828985517410465
HONG KONG,0.452421343395401,0.3678194083631545,0.706925873211239,0.1324267443742917,0.7114300367447443,0.47420468121776604,-0.8568104439777416,0.9561441389226255
HUNGARY,0.4095836340134633,0.3711878777584296,0.6646309598397161,0.16957684806154932,0.5894281976075592,0.4408815034561435,-1.5827131879614436,-0.09378273048618781
ICELAND,0.34242472096011206,0.35094644500068134,0.6661776691421972,0.2950095207258879,0.5340107063805295,0.4377138124418815,-1.77557039310767,-0.3425152239124702
INDIA,0.46346602211926125,0.525964147255421,0.6685004376261281,0.38359081693224484,0.7828977454258128,0.5648838338717737,0.7756610984678985,0.5455934352352032
INDIAN OCEAN,0.452421343395401,0.4287565893843179,0.706925873211239,0.37755466156738093,0.6661449608934721,0.5263606856903621,0.05119859115130349,0.13034335866242913
INDONESIA,0.3928834962476622,0.4340743302157814,0.6698171348474973,0.35872900236669053,0.7464674295632324,0.5203942786481728,-0.18753004150005598,0.9220764919055945
IRAN,0.4172022593125016,0.4682800570814427,0.6662537179236465,0.3646418742339092,0.7416093744291414,0.5315974565961283,0.07036112592683114,0.6221933051812798
IRAQ,0.43662490615339555,0.47864241535734564,0.6663649914141859,0.5729819530208069,0.7258448241286581,0.5760918180148785,0.808563935771965,0.2967222533648114
IRELAND,0.18182141063033766,0.366287945021657,0.6652444804056753,0.2879537762976325,0.5988118490888847,0.4200238922888374,-2.2347109390591173,0.5623187018231882
ISLE OF MAN,0.27210524326364877,0.33265293913326194,0.6621803028708845,0.17056361155438365,0.6026204305476169,0.40802450547395913,-2.3600573884660645,0.5864714606350147
ISRAEL,0.39424204335830887,0.3424582686302859,0.6656201585357652,0.41977535712358444,0.6900258835640358,0.5024243422423961,-0.6536262560437655,0.8941760014525665
ITALY,0.46264616696882443,0.4262102783525483,0.6651529922236784,0.11821311007809303,0.679537674356404,0.4703520443959096,-0.9210473895353845,0.28093921779274267
JAMAICA,0.5115635142341853,0.4023809401356171,0.6648324735885228,0.3272392978561021,0.6441659251600091,0.5100364301948873,-0.28278136181674524,-0.10744098417767667
JAN MAYEN,0.452421343395401,0.4287565893843179,0.706925873211239,0.37755466156738093,0.6689108467524397,0.5269138628621557,0.06076133754487731,0.1546885692423828
JAPAN,0.617561061510557,0.3272296415091403,0.6638132274072862,0.11582521951633165,0.7103990756086183,0.48696564511038665,-0.6055307423274446,0.691138153707661
JERSEY,0.3532646635535038,0.37647050879683236,0.6626075344554212,0.26817417917466485,0.6526357976062567,0.46263053671733567,-1.296914720568916,0.5395051722947961
JORDAN,0.46732816800706,0.44719347402896553,0.669874800125602,0.45467247932036664,0.7643673854231904,0.5606872613810369,0.5777369984087193,0.7779663682045003
KAZAKHSTAN,0.3102872280448344,0.38212799253128565,0.6663009876628001,0.35022394905833465,0.5576409822014204,0.453316227899735,-1.5147740843308506,-0.2426633138413707
KENYA,0.5362835997261733,0.4529961839044332,0.752373817616521,0.5994973673458375,0.7090633496386894,0.6100428636463309,1.6548931931407653,0.13154888595849196
KIRIBATI,0.4708222988192999,0.48903494893575966,0.6944916696508949,0.4455757533707995,0.6051341791231026,0.5410117699799712,0.3585728930114941,-0.8262994633371686
"KOREA, NORTH",0.5123950983361125,0.4052891663733756,0.835507577447432,0.29058643046015553,0.7058754725630181,0.5499307490360186,0.8109133662659428,0.6520989319688381
"KOREA, SOUTH",0.3239890335934233,0.33177961420583496,0.6655184061171507,0.16824317552826532,0.7480551600401731,0.44751707789696954,-1.6137521538039967,1.7418797329201055
KOSOVO,0.39838770713081084,0.5520292584873978,0.6661861853638765,0.37755466156738093,0.7103296265959782,0.5408974878290888,0.3231952350277308,-0.06749319008763292
KUWAIT,0.3418118327549728,0.4110336620529047,0.6658948008934142,0.40492186837500094,0.7066963089999517,0.5060716946152489,-0.5466024645609573,0.8078864183693988
KYRGYZSTAN,0.49419056315955406,0.4380390621139127,0.6698013882884841,0.41022186760409196,0.6852117493324071,0.53949292609969,0.24192232536159597,0.07851461849718407
LAOS,0.46719545273587365,0.4339862787536848,0.666315028411884,0.4884209471387713,0.6464524342128692,0.5404740282506166,0.19083658341144516,-0.20483362815268416
LATVIA,0.38056582418677065,0.35376710939742145,0.6654617628239812,0.22388738561638022,0.5311686589846951,0.43097014820184965,-1.825490151380625,-0.4556681761003095
LEBANON,0.5951160028372519,0.44872105433665593,0.6647349766034755,0.3173196265716906,0.7112364919002502,0.5474256304498648,0.5221618037650128,0.0161827896520392
LESOTHO,0.5721718562239189,0.5887266306108504,0.8455410699906603,0.4375467363568384,0.6679395516898055,0.6223851689744146,2.360085653921157,-0.8838178168803033
LIBERIA,0.5805337902330198,0.44443046568153827,0.92094216673648,0.6726412112521876,0.7072295678794246,0.6651554403565301,3.0029360426189835,0.23710016320486269
LIBYA,0.38500689423686096,0.5427004062242095,0.7740145295335502,0.485032802177047,0.6392351587156875,0.565197958177471,0.925915422669965,-0.5093827926947239
LIECHTENSTEIN,0.22023305773905621,0.32603933465986507,0.253162015248066,0.19886175289283586,0.1162615218964973,0.22291153648726408,-6.563095918484843,-4.062656683151043
LITHUANIA,0.372041672754738,0.3696929177516893,0.6653142205980594,0.21561360500165738,0.5468685766849273,0.43390619855821433,-1.7594779647253997,-0.37950111866049846
LUXEMBOURG,0.09940933088862951,0.3035708013099209,0.6654705209770979,0.31944348080822094,0.6734486344471471,0.4122685536862033,-2.5556099194226927,1.7645410104178092
MACAU,0.2549532605102876,0.33957930742721176,0.6549908652965994,0.23535851122058019,0.736615205803234,0.4442994300515826,-1.7790877913119443,1.738431140766463
MADAGASCAR,0.6624794225210865,0.4534738961744802,0.8995242469398965,0.6059749300400102,0.7858520774951891,0.6814609146341325,3.3594381677171854,0.6648038790721874
MALAWI,0.5960558777221041,0.4566730389764276,0.9747018853501057,0.6537732139966235,0.7908130612908895,0.6944034154672301,3.6705802891923476,0.9421793017418225
MALAYSIA,0.36013162876905863,0.384698296510055,0.6659697059203813,0.40168983248147894,0.683522249542752,0.4992023426447451,-0.680940331346502,0.7017635589882284
MALDIVES,0.39478684674135384,0.37596495716870554,0.6659938771038835,0.3322675516701743,0.7094841187258545,0.49569947028199424,-0.6936186240883266,0.9147043408071125
MALI,0.5441385173354205,0.5536114045091977,0.8349065410832707,0.7144861506201963,0.7247176769702279,0.6743720581036626,3.066293523088341,-0.2389249225098661
MALTA,0.3389224830467558,0.3292944534096919,0.6589859101628269,0.2074959334551369,0.5478642122306081,0.41651259846100397,-2.1643465637019386,-0.06882226459846896
MARSHALL ISLANDS,0.47859636050640514,0.45697664008549976,0.6618233654816277,0.49088400132596344,0.550847759464323,0.5278256253727638,0.00569224643263493,-1.208454442733181
MAURITANIA,0.567976864904378,0.5637896807599664,0.8563770177662322,0.577009952434916,0.6493764461728941,0.6429059924076773,2.6553228195838057,-0.9392863638776687
MAURITIUS,0.452421343395401,0.4533346655528286,0.706925873211239,0.24226392839797406,0.7114300367447443,0.5132751694604374,-0.09732128161806422,0.44626679608855946
MEXICO,0.5181633286041984,0.37586895039110974,0.6661048678796184,0.3691594008495417,0.6779232349077892,0.5214439565264515,-0.125942316960672,0.30319546140699183
"MICRONESIA, FEDERATED STATES OF",0.5242583268051889,0.31289997349721804,0.7250846732125037,0.4131474671785502,0.6165768592831569,0.5183934599953236,-0.14015778214223393,0.151224292709264
MOLDOVA,0.36564915331312625,0.3204139035862725,0.6662319145976188,0.3071821735007747,0.6650377792940075,0.46490298485835996,-1.3266436159582957,0.9129408384803135
MONACO,0.18196031572741692,0.3503989338162194,0.6639345457719866,0.051643192488262914,0.7114300367447443,0.391873404909726,-2.6705357879984746,1.7289075160091403
MONGOLIA,0.5099888127751084,0.4558704828847165,0.6662859758437448,0.38021616287764903,0.5599418774693671,0.5144606623701172,-0.14708016502316407,-1.1557199881620976
MONTENEGRO,0.45979780708934354,0.4170840237057852,0.6694921394898344,0.228227603166894,0.5084049632582923,0.4566013073420299,-1.2000326479301326,-1.2045503328647995
MONTSERRAT,0.452421343395401,0.42343595001535866,0.706925873211239,0.28968832149988055,0.7114300367447443,0.5167803049733247,-0.09365555338886342,0.591682323829423
MOROCCO,0.4135613896042773,0.4720115552535267,0.6662703319507837,0.39274921560011405,0.7391460165268197,0.5367477017871043,0.15165646104763342,0.5788101558733927
MOZAMBIQUE,0.6490305125070702,0.527331364939916,0.9138853040400265,0.6724369203728116,0.7633297506164549,0.7052027704952558,3.8695358449290653,0.09052284136873895
NAMIBIA,0.452421343395401,0.594001271984676,0.706925873211239,0.5483649020560142,0.7114300367447443,0.6026286854784149,1.5454005180533228,-0.4404567654523869
NAURU,0.4873783147263866,0.3751108279904758,0.6651769024293519,0.38261754434653905,0.5703947277956978,0.4961356634576902,-0.6044488824071302,-0.565557194823003
NAVASSA ISLAND,0.452421343395401,0.4287565893843179,0.706925873211239,0.37755466156738093,0.7114300367447443,0.5354177008606166,0.2077667641926538,0.5289406847790937
NEPAL,0.4754184225702223,0.39863135259986304,0.705754346984949,0.4285926285683449,0.8162685345928397,0.5649330570632438,0.6819783422021731,1.5357879587957068
NETHERLANDS,0.2976528526769766,0.34603731741273797,0.6632437212815079,0.1833414278776105,0.6422447625031583,0.42650401635039825,-1.9957948065314768,0.7921866136566185
NEW CALEDONIA,0.30821967434036257,0.4719164195616437,0.6661342689331747,0.3686428918337612,0.5762036404018378,0.47822337901415607,-0.9674694275673691,-0.5723855111886236
NEW ZEALAND,0.452421343395401,0.32784253932223584,0.706925873211239,0.29612541147266735,0.7114300367447443,0.4989490408292575,-0.5373417178874969,1.1121870982589879
NICARAGUA,0.4616508451617811,0.4036332865634216,0.716460529665155,0.4172641211252187,0.6103167878519637,0.521865114073508,-0.04261820929573719,-0.25045482703806243
NIGER,0.5541110852795601,0.5226030494139283,0.9604796904559555,0.7863849765258216,0.7841639854728197,0.721548557429617,4.111335317490181,0.5627182052478071
NIGERIA,0.5105729781044213,0.5700160507821409,0.8132689155696035,0.6511675416483576,0.8165721330814542,0.6723195238371955,2.988355983725453,0.5632509115121027
NIUE,0.4851487215245183,0.4287565893843179,0.7113552914299602,0.29257549448801773,0.4167764239699022,0.4669225041593433,-0.9033577705734646,-2.111292299610291
NORFOLK ISLAND,0.452421343395401,0.4287565893843179,0.7104830139522789,0.2910105492611007,0.4335444337140949,0.46324318594143865,-1.0040773513149486,-1.879275325284532
NORTH MACEDONIA,0.4243449446525829,0.47252421058167116,0.6659379131305692,0.2105776420977975,0.6495364347152236,0.4845842290355689,-0.6799523800252176,-0.1714231847605178
NORTHERN MARIANA ISLANDS,0.38082213242718027,0.3369967391869922,0.66571413882014,0.3057116646237579,0.5865153783196997,0.45515201067555394,-1.456252632681044,0.09157772229367157
NORWAY,0.23689999094311995,0.3430911728308186,0.666068089618654,0.25762814434499715,0.5568127590018445,0.4121000313478868,-2.3324813760447523,0.18924831269154319
OMAN,0.40318811744079674,0.41256312175572396,0.6660895051002956,0.5004509817525845,0.6003441969048664,0.5165271845908534,-0.3270914308872043,-0.3322225043172827
PACIFIC OCEAN,0.452421343395401,0.4287565893843179,0.706925873211239,0.37755466156738093,0.6661449608934721,0.5263606856903621,0.05119859115130349,0.13034335866242913
PAKISTAN,0.5033703091128207,0.5133826228862447,0.6878422523033997,0.5607823184316627,0.7628658264239419,0.605648665831614,1.4933157609066494,0.2916737478554312
PALAU,0.5052765294493732,0.36305524272175954,0.6663461619568328,0.2952947570480353,0.5929562738814644,0.48458579301149307,-0.7707771410070059,-0.3125423937673886
PANAMA,0.38822466259954186,0.4622132317256262,0.68198149206272,0.42972971931204085,0.6646600650824992,0.5253618341564856,-0.06263910188464464,0.048695119103848356
PAPUA NEW GUINEA,0.5357856364324368,0.43766583359416367,0.9532662762956834,0.5674506810980827,0.5948536165379855,0.6178044087916705,2.233312320969715,-0.5168549212587236
PARACEL ISLANDS,0.452421343395401,0.4287565893843179,0.706925873211239,0.34891352265703185,0.5603076962257336,0.4994650049747447,-0.4045585047536782,-0.7902684535831689
PARAGUAY,0.41489798616406054,0.4501434989174789,0.6662531168383571,0.40413939576154245,0.6214489826049036,0.5113765960572685,-0.3196804114780737,-0.3453709458966343
PERU,0.42436247007612277,0.38419726332189513,0.6842917546193864,0.36301525628868997,0.6901751779953823,0.5092083844602953,-0.38473749961511683,0.6347996606931907
PHILIPPINES,0.42961208295498327,0.42183171052374546,0.6748685739676556,0.48939421972447716,0.7095986173343156,0.5450610409010354,0.23134701225335702,0.5257030529955073
PITCAIRN ISLANDS,0.452421343395401,0.4287565893843179,0.706925873211239,0.29022807664764216,0.7114300367447443,0.5179523838766689,-0.06614359565322406,0.5623677644687658
POLAND,0.3603153341606304,0.3753050401283086,0.6653119197332152,0.18816539081230674,0.6297907845405504,0.4437776938750023,-1.5849696539505331,0.36061679883092845
PORTUGAL,0.4668870321037926,0.4049878672739173,0.6656837481201818,0.14630696053716927,0.6790340024524972,0.4725799220975116,-0.9153331252043228,0.3715319166859413
PUERTO RICO,0.4141113163847614,0.33076392405311017,0.6641104677584503,0.24625916418048516,0.6423900698680798,0.4595269884489774,-1.3376378365252242,0.5517575666305709
QATAR,0.2421351881075299,0.32804348287822016,0.665804998191433,0.3345340240677782,0.6961763161376673,0.45333880187652564,-1.6601488672854285,1.4548753822922373
ROMANIA,0.41452589402725143,0.3864675805776361,0.6660599058617658,0.23789672903320305,0.6559161202338337,0.472173245946738,-1.0337463088097094,0.3707142453340672
RUSSIA,0.3338299215501928,0.38800558854044004,0.6662511436408297,0.20473993385600964,0.5665473198159818,0.4318747814806908,-1.8050407059054079,-0.2019123597520625
RWANDA,0.5345587253692403,0.38214014098890087,0.8527933619695114,0.571110571474826,0.8227328874985688,0.6326671374602094,2.1822541365369488,1.6647274113688317
SAINT BARTHELEMY,0.452421343395401,0.40315509756530843,0.6650916138637853,0.11205547461011271,0.5928454237956573,0.445113790646053,-1.3988049562015343,-0.3271737382000766
"SAINT HELENA, ASCENSION, AND TRISTAN DA CUNHA",0.49471393891582266,0.45153100056019263,0.6653468921500706,0.14038059776282202,0.4799259822350215,0.446379682324786,-1.2718796565195931,-1.706033940639756
SAINT KITTS AND NEVIS,0.44620757977239406,0.40909807181432667,0.6653078870795156,0.25922007138617137,0.47500780540924337,0.4509682830923302,-1.3427884033088056,-1.4368112252209095
SAINT LUCIA,0.4883167591888397,0.5042826216367667,0.6648573621871406,0.22309720391313395,0.5238655530579992,0.48088389999677605,-0.6364171885006051,-1.6235602200758517
SAINT MARTIN,0.46138060558248933,0.3692685138861936,0.6640961135612085,0.287803449046771,0.6318402222495267,0.48287778086523786,-0.8421374553231255,0.10962713280633389
SAINT PIERRE AND MIQUELON,0.3834095910897357,0.36763943239834457,0.7115791656514953,0.15222754149417567,0.4680359267873816,0.4165783314842265,-1.9241859502897054,-1.0076465672173678
SAINT VINCENT AND THE GRENADINES,0.49721386384811345,0.4803949088706638,0.6639974420503322,0.2391205470370113,0.6166863913035658,0.4994826306219373,-0.345633232648052,-0.7062100435417641
SAMOA,0.4634653076238167,0.3994450019593232,0.6732143129962623,0.40184594154968123,0.638203064508244,0.5152347257274654,-0.2543007058161482,-0.03674520836940197
SAN MARINO,0.4047635180298248,0.40354964393493775,0.6628188086053768,0.16316095808567882,0.4892515727093958,0.4247089002730428,-1.8244398018579935,-1.1399490677134072
SAO TOME AND PRINCIPE,0.7055875604631324,0.5000812706088901,0.7443196479501241,0.5444930117101074,0.5101568125365941,0.6009276606537697,1.7467391257419405,-2.305632000888672
SAUDI ARABIA,0.33631512454574014,0.42646111758630934,0.6662058763810998,0.4172853211221351,0.663130299805789,0.5018795478882146,-0.6067927263862899,0.3499577789010751
SENEGAL,0.5523587806863647,0.4417617351966088,0.8599417368258987,0.6454589606605148,0.740534720076544,0.6480111866891861,2.5424473500653746,0.5496143503981757
SERBIA,0.4508556953660455,0.4511182904343349,0.6659209313797928,0.19338444459862614,0.6441940168327309,0.4810946757223061,-0.7357970311123139,-0.1635970116605343
SEYCHELLES,0.4346774468542458,0.40589802963698235,0.6654508091975253,0.2587710169060338,0.593543753574803,0.471668211233918,-1.0015016468308329,-0.3456699813567376
SIERRA LEONE,0.6414827454505655,0.5787568232294396,0.9281490016937731,0.6343887077252789,0.7266824427990397,0.7018919441796193,3.9204064006650006,-0.4608046372380957
SINGAPORE,0.3312339529233616,0.321910712125754,0.66264393496256,0.2736245056546174,0.7403014515363839,0.4659429114405354,-1.3414320169067764,1.6647658285555567
SINT MAARTEN,0.4150037939882864,0.3759733241026945,0.6651768071069403,0.26922261538580133,0.672859659941603,0.4796472401050651,-0.9307175240546504,0.5628901680026712
SLOVAKIA,0.38897221393799725,0.415815444904865,0.6654450969297399,0.1690391390488525,0.6417406080473054,0.456202500573752,-1.2760192782414648,0.1772820626533501
SLOVENIA,0.36110244517499285,0.3608617452629254,0.6648835231828705,0.12325485479929385,0.5710034800041084,0.4162212096848382,-2.060782456157178,-0.055560546944038024
SOLOMON ISLANDS,0.3936527932637353,0.36924303765921124,0.7525143732174668,0.5090851623148854,0.6418305981985628,0.5332651929307723,0.084793246063596,0.40299061414037934
SOMALIA,0.5374350544391938,0.7238144966880388,0.8493704966264164,0.6431115428201393,0.7071123733170958,0.6921687927781768,3.659833469581691,-1.261625879418613
SOUTH AFRICA,0.5883995775810199,0.6568266058675697,0.7053524750040262,0.39608339693332406,0.6236203365175895,0.5940564783807059,1.6782155224221216,-1.8537674375580233
SOUTH GEORGIA AND SOUTH SANDWICH ISLANDS,0.452421343395401,0.4132483661272679,0.706925873211239,0.37755466156738093,0.7114300367447443,0.5323160562092066,0.13251151322996416,0.6137824800982424
SOUTH SUDAN,0.7193363040897465,0.46017451563086137,0.9976269548125761,0.8259923525829307,0.6960444504697196,0.7398349155171668,4.591864182880487,-0.26745122635418933
SOUTHERN OCEAN,0.452421343395401,0.4287565893843179,0.706925873211239,0.37755466156738093,0.6661449608934721,0.5263606856903621,0.05119859115130349,0.13034335866242913
SPAIN,0.4187719099303154,0.4296386064878581,0.6656466870094756,0.12145863687874373,0.6730740148572385,0.46171797103272627,-1.1132176833020344,0.3185739946348932
SPRATLY ISLANDS,0.452421343395401,0.4287565893843179,0.706925873211239,0.37755466156738093,0.6661449608934721,0.5263606856903621,0.05119859115130349,0.13034335866242913
SRI LANKA,0.41322333567461667,0.42979908158270774,0.6651088357674079,0.30859679147683033,0.7754427399884949,0.5184341568980115,-0.19983470634720668,1.1608163692768518
SUDAN,0.6672848218153021,0.5828044806025416,0.8063353948907769,0.6465748514072943,0.7443772562743856,0.6894753609980601,3.4591576282942573,-0.556153537462927
SURINAME,0.6635734501013789,0.5172896342830747,0.6735734776441068,0.3799579083697588,0.5263109611375446,0.5521410863071727,0.7738561665881342,-2.176909419114543
SVALBARD,0.452421343395401,0.41553052380361644,0.7092714096651305,0.29257549448801773,0.5193152142393485,0.47782279711830283,-0.7737450657346092,-1.0541316089820862
SWEDEN,0.30110011218090665,0.39236392849066587,0.6653055023825187,0.21724600476421743,0.5234278985546637,0.41988868927459444,-2.0479609553508777,-0.5263400349818483
SWITZERLAND,0.452421343395401,0.31438577745516294,0.706925873211239,0.20142695251971593,0.7114300367447443,0.47731799666525265,-0.8996751724684756,1.2220547402985145
SYRIA,0.7812236476480474,0.15241372734892086,0.7092555996037574,0.8879310344827587,0.7177876874652318,0.6497223393097432,1.997805136208802,1.0508532255280327
TAIWAN,0.24761840694728954,0.3963680297649035,0.7109665582472786,0.14274150651032627,0.712438308783164,0.44202656205059243,-1.5903957919793101,1.3417296977392474
TAJIKISTAN,0.4940627001494516,0.4430846331461133,0.6699684506658145,0.554509046616866,0.7415062599297741,0.5806262181016038,0.9139881097821052,0.4917304673798678
TANZANIA,0.4811418212736887,0.4237041004085122,0.8743105233233881,0.6646873578636571,0.7518782878686978,0.6391444181475887,2.312863419395584,0.9443085003942171
THAILAND,0.3893781772833027,0.3567836867119179,0.6660678715237748,0.19298935374700305,0.7376536382804106,0.46857454550928185,-1.150333354720967,1.3350359468052662
TIMOR-LESTE,0.49420638921343435,0.44759226920609246,0.6662326436559871,0.5965852586785079,0.6775024078473769,0.5764237937202796,0.8258119256073035,-0.11759246774213447
TOGO,0.6482010318184931,0.46674873514077264,0.8276883563857913,0.6215087459623643,0.8126372016607839,0.675356814193641,3.0888856121596833,0.7662888782383693
TOKELAU,0.49991973601727197,0.4274945625311406,0.7115087346558845,0.2910105492611007,0.7055096655451605,0.5270886496021117,0.15190543555926217,0.39948462815954205
TONGA,0.47103212587040205,0.2690235786729034,0.6656914095683609,0.3929323064825736,0.6102443505113418,0.48178475422111633,-1.0204875752030087,0.40472283656919616
TRINIDAD AND TOBAGO,0.40221319081649476,0.404871487246923,0.6639979327777354,0.2236753856472166,0.6803492824976429,0.47502145579720256,-0.9723573509710801,0.5198323993357572
TUNISIA,0.4556505388358432,0.49847847773044646,0.6676014993840081,0.3128425726774439,0.6818381847507076,0.5232822546756899,0.030291641327516734,-0.14735344545495585
TURKEY (TURKIYE),0.3551111265844326,0.4619083169283,0.6662857734955411,0.3185511536652867,0.7827154741945612,0.5169143689736243,-0.24511034360363776,1.1977248295900993
TURKMENISTAN,0.3286234379939766,0.46275787284612474,0.6664687985481758,0.37852209039678686,0.5951749059417327,0.48630942114535936,-0.8206560229082307,-0.4116102712649019
TURKS AND CAICOS ISLANDS,0.46369944616219944,0.36948015012027796,0.6663327245316971,0.3817753262872253,0.6182641913412451,0.499910367688529,-0.5699432755774394,-0.05012790066421388
TUVALU,0.4740701323307969,0.44324217355240264,0.6697608356320387,0.40697634080344136,0.6387147608105899,0.5265528486258539,0.004526567251954731,-0.3057967030386714
UGANDA,0.4712222160288501,0.40011899231752523,0.8636850991525193,0.7359463293168975,0.8280421854392246,0.6598029644510033,2.579308043756315,1.7284789407803272
UKRAINE,0.38290054028646714,0.14888257447199596,0.6661421669035069,0.30670035538903917,0.6740084896286781,0.4357268253359375,-2.05159671097046,1.885595400934929
UNITED ARAB EMIRATES,0.23663338911883555,0.3460185023686983,0.666268970317808,0.28799424901901827,0.7315421579531493,0.45369145375550185,-1.6189832296056286,1.7005222357660223
UNITED KINGDOM,0.4301827984393713,0.3536967492294292,0.6650858117645434,0.2206071679116846,0.6668951793781047,0.46729354134462664,-1.14343912181817,0.6113511492935108
UNITED STATES,0.37321098464838265,0.3441375213134907,0.6657780227743052,0.2613362165329139,0.5492189024074395,0.43873632953530645,-1.7239755362487363,-0.2389442878677971
UNITED STATES PACIFIC ISLAND WILDLIFE REFUGES,0.452421343395401,0.4287565893843179,0.706925873211239,0.37755466156738093,0.6661449608934721,0.5263606856903621,0.05119859115130349,0.13034335866242913
URUGUAY,0.38115792228903045,0.4669435789909448,0.665992273119862,0.2575799625338236,0.5262939700430519,0.45959354139534253,-1.1817325777030798,-1.1314852574479384
UZBEKISTAN,0.40034042655054564,0.43099221078697575,0.6697793748614002,0.454795824756971,0.7261900077491434,0.5364195689410072,0.06241722631787063,0.7042790113270365
VANUATU,0.49640597464307956,0.36736108688983293,0.7738696219291267,0.5086495987418767,0.6129307626858733,0.5518434089779578,0.5638218470431247,-0.08006817461870201
VENEZUELA,0.4959078894254074,0.3227622516596789,0.6698841400017511,0.49074909225467744,0.6852738697938157,0.5329154486270661,-0.056390735941026386,0.6745380311317029
VIETNAM,0.40559099478569954,0.38388569471116846,0.6659343720915194,0.35232660329794857,0.7265263135178431,0.5068527956808359,-0.4845649221287016,0.9855762513150519
VIRGIN ISLANDS,0.41235070180644495,0.3957882053334689,0.6637059540941682,0.19474509894616737,0.6199177165495431,0.4573015353459585,-1.271697448504539,0.02199095637689344
WAKE ISLAND,0.452421343395401,0.4287565893843179,0.6612767294438157,0.37755466156738093,0.5949936118528925,0.5030005871287615,-0.4562206448032287,-0.5548801880196031
WALLIS AND FUTUNA,0.4389086230509844,0.3770042676625522,0.7098378383264885,0.2593761804543737,0.5996520091837104,0.47695578373562186,-0.8452650758259692,-0.08772688559847926
WEST BANK,0.42235081913681355,0.5007596200204331,0.6655719682483467,0.579343879368163,0.7281286158638479,0.5792309805275209,0.8743048256505092,0.22941917528213096
WORLD,0.479229205201547,0.45900669754660944,0.6935347939599447,0.38108729002366687,0.6865955974992408,0.5398907168462017,0.32496648183228155,0.0566247422467093
YEMEN,0.6191843560730438,0.5632730566806674,0.7596563906703874,0.5594486458983787,0.7053775442975458,0.6413879987240045,2.47026112519788,-0.6946492967542347
ZAMBIA,0.6778963117768063,0.5356122958549977,0.8600719390495407,0.6819152462668733,0.6774000542724482,0.6865791694441332,3.4654148180976767,-0.8591829916319147
ZIMBABWE,0.5885767306679229,0.42996575987938535,0.8527202647314835,0.5793573702752915,0.6805860309896082,0.6262412313087383,2.1939074218029075,0.008444170862200827
